num_tokens,per_layer_ms,std_ms,total_ms
32,0.9248576015233994,0.29356884956359863,29.59544324874878
64,0.7898671984672546,0.10953075438737869,25.275750350952148
128,1.5910656094551086,0.6068502068519592,50.914099502563474
256,1.9986527860164642,0.30686119198799133,63.956889152526855
512,2.4281983852386473,0.3642790615558624,77.70234832763671
1024,3.563443160057068,0.9821723699569702,114.03018112182617
2048,4.70363838672638,0.19849206507205963,150.51642837524415
4096,8.865262460708617,0.2659284770488739,283.68839874267576
